id,name,category,brand,price,ram_gb,storage_gb,processor,gpu,battery_hours,weight_kg,rating,ram_expandability,bundled_software,display_tech,retail_source,product_url,description,pros,cons,in_stock,catalog_updated_at
lap_acer_aspire_lite_r5,Acer Aspire Lite 15,laptop,Acer,36990,16,512,AMD Ryzen 5 5500U,AMD Radeon Vega 7 Graphics,7.0,1.59,4.2,Dual Slot Upgradable,MS Office Home & Student 2021,15.6 FHD Anti-Glare IPS,Amazon India,https://www.amazon.in/s?k=Acer+Aspire+Lite+15+Acer,"High value everyday laptop for college students and coding. Features 6-core Ryzen 5 5500U processor, 16GB RAM out-of-the-box, lightweight design, and dual-slot upgradability.",16GB RAM under 40k;Dual-slot upgradable;Quiet thermal performance;Includes lifetime MS Office,Plastic chassis;Display brightness is 250 nits best for indoors,1,2026-09-13
lap_lenovo_ideapad_slim3_i3,Lenovo IdeaPad Slim 3 15,laptop,Lenovo,33990,8,512,Intel Core i3-1215U,Intel UHD Graphics,6.5,1.62,4.1,1 Slot Free (Up to 16GB),MS Office Home & Student 2021,15.6 FHD IPS 250 nits,Amazon India,https://www.amazon.in/s?k=Lenovo+IdeaPad+Slim+3+15+Lenovo,"Dependable entry-level notebook for school students, daily productivity, web browsing, and Zoom classes with rapid charge support.",Reliable build quality;Free RAM expansion slot;MS Office included;Comfortable keyboard with numpad,8GB RAM default;Intel UHD graphics not suitable for gaming,1,2026-09-13
lap_hp_15s_i3,HP 15s-fq5007TU,laptop,HP,37490,8,512,Intel Core i3-1215U,Intel UHD Graphics,7.0,1.69,4.0,Dual Slot Upgradable,MS Office Home & Student 2021,15.6 FHD Micro-Edge Anti-Glare,Flipkart,https://www.flipkart.com/search?q=HP+15s-fq5007TU+HP,"Reliable HP mainstream notebook with dual speakers, full-size keyboard, wide service network across India, and fast NVMe storage.",Dual slot upgradable RAM;Nationwide HP service center reach;Fast charging support,Base 8GB RAM requires manual upgrade for heavy multi-tasking,1,2026-09-13
lap_asus_vivobook_15_i3,ASUS Vivobook 15 X1502ZA,laptop,ASUS,35990,8,512,Intel Core i3-1215U,Intel UHD Graphics,6.0,1.70,4.2,1 Slot Free (Up to 16GB),MS Office Home & Student 2021,15.6 FHD Anti-Glare 60Hz,Croma,https://www.croma.com/searchB?q=ASUS+Vivobook+15+X1502ZA+ASUS,"Ergonomic everyday laptop featuring 180-degree lay-flat hinge, physical webcam privacy shield, and ASUS Antibacterial Guard.",180-degree hinge;Webcam privacy shutter;Decent thermal venting,Display color gamut is basic 45% NTSC;Speakers lack deep bass,1,2026-09-13
lap_acer_one_14,Acer One 14,laptop,Acer,28990,8,256,AMD Ryzen 3 3250U,AMD Radeon Graphics,5.5,1.45,3.9,Dual Slot Upgradable,None,14.0 HD Anti-Glare,Amazon India,https://www.amazon.in/s?k=Acer+One+14+Acer,"Ultra-budget 14-inch compact laptop for primary school homework, web browsing, and light clerical office work under 30k.",Extremely affordable under 30k;Lightweight at 1.45kg;Expandable RAM,Only 256GB storage;Basic 720p HD screen;No bundled MS Office,1,2026-09-13
lap_dell_15_i3,Dell 15 3520,laptop,Dell,38990,8,512,Intel Core i3-1215U,Intel UHD Graphics,6.0,1.66,4.0,Dual Slot Upgradable,MS Office Home & Student 2021,15.6 FHD 120Hz Anti-Glare,Reliance Digital,https://www.reliancedigital.in/search?q=Dell+15+3520+Dell,Durable student and office laptop equipped with rare 120Hz display in budget segment and lift-hinge ergonomics for comfortable typing.,Smooth 120Hz refresh rate;Dual RAM slots;Lift-hinge keyboard angle,Plastic build;Battery life is average ~5-6 hours,1,2026-09-13
lap_honor_magicbook_x16,Honor MagicBook X16,laptop,Honor,44990,16,512,Intel Core i5-12450H,Intel UHD Graphics,9.0,1.68,4.3,Soldered,None,16.0 FHD IPS Eye Comfort 300 nits,Amazon India,https://www.amazon.in/s?k=Honor+MagicBook+X16+Honor,"Full aluminum metal chassis laptop with high-performance 45W H-series Core i5 processor, 16-inch eye-comfort tall display, and 65W Type-C fast charging.",All-metal unibody chassis;High-wattage i5-12450H processor;Large 60Wh battery;Bright 300-nit screen,RAM is soldered;No MS Office bundled;Service centers limited to metro cities,1,2026-09-13
lap_hp_15s_i5,HP 15s-fr5011TU,laptop,HP,51990,16,512,Intel Core i5-1235U,Intel Iris Xe Graphics,7.5,1.69,4.2,Dual Slot Upgradable,MS Office Home & Student 2021,15.6 FHD IPS Anti-Glare,Amazon India,https://www.amazon.in/s?k=HP+15s-fr5011TU+HP,"Balanced college coding laptop with 10-core i5-1235U, 16GB RAM, Iris Xe graphics, dual array microphones with AI noise reduction, and MS Office.",16GB dual-slot upgradable;Iris Xe graphics handles casual games;MS Office included;Great after-sales service,Plastic construction;Average display color saturation,1,2026-09-13
lap_asus_vivobook_16_r7,ASUS Vivobook 16 M1605YA,laptop,ASUS,56990,16,512,AMD Ryzen 7 7730U,AMD Radeon Graphics,8.0,1.88,4.4,1 Slot Free (Up to 24GB),MS Office Home & Student 2021,16.0 WUXGA 16:10 IPS Anti-Glare,Flipkart,https://www.flipkart.com/search?q=ASUS+Vivobook+16+M1605YA+ASUS,"Productivity powerhouse with 8-core 16-thread Ryzen 7 7730U, expansive 16:10 aspect ratio display for coding, and long battery life.",8 cores / 16 threads for heavy compilation;Spacious 16:10 coding screen;Cool and quiet thermals;MS Office included,Slightly heavier at 1.88 kg;Barrel charger instead of pure Type-C,1,2026-09-13
lap_lenovo_ideapad_slim5_r7,Lenovo IdeaPad Slim 5 14,laptop,Lenovo,62990,16,512,AMD Ryzen 7 7730U,AMD Radeon Graphics,9.5,1.46,4.5,Soldered,MS Office Home & Student 2021,14.0 WUXGA OLED 400 nits 100% DCI-P3,Amazon India,https://www.amazon.in/s?k=Lenovo+IdeaPad+Slim+5+14+Lenovo,"Ultraportable metal-lid laptop featuring stunning 400-nit 100% DCI-P3 OLED screen, FHD IR camera with Windows Hello facial recognition, and Dolby Audio.",Gorgeous 400-nit OLED display;Lightweight 1.46kg metal body;Windows Hello face unlock;All-day battery,Soldered RAM cannot be upgraded;Glossy OLED reflects outdoor sunlight,1,2026-09-13
lap_acer_swift_go_14_oled,Acer Swift Go 14 OLED,laptop,Acer,59990,16,512,Intel Core i5-13500H,Intel Iris Xe Graphics,8.0,1.25,4.4,Soldered,MS Office Home & Student 2021,14.0 2.8K 90Hz OLED 500 nits,Flipkart,https://www.flipkart.com/search?q=Acer+Swift+Go+14+OLED+Acer,"Creator ultrabook with 2.8K 90Hz OLED panel, 45W H-series 13th Gen CPU, dual heat pipes with twin fans, and dual Thunderbolt 4 Type-C ports.",Featherlight at 1.25 kg;Breathtaking 2.8K 90Hz 500-nit OLED;Dual Thunderbolt 4 ports;45W CPU power,Fans get audible under sustained full load;Soldered LPDDR5 RAM,1,2026-09-13
lap_apple_macbook_air_m1,Apple MacBook Air 13 M1,laptop,Apple,64990,8,256,Apple M1 (8-core),Apple 7-core GPU,15.0,1.29,4.7,Soldered,None,13.3 Retina Display 400 nits P3,Amazon India,https://www.amazon.in/s?k=Apple+MacBook+Air+13+M1+Apple,"Legendary benchmark for Indian students and coders. Fanless whisper-silent operation, aluminum unibody, 15-hour battery life, and phenomenal trackpad.",Silent fanless operation;Exceptional 15-hour battery;Premium unibody metal build;Stellar resale value in India,Only 8GB unified RAM not upgradable;256GB storage;Only 2 Type-C ports,1,2026-09-13
lap_dell_inspiron_3530_i5,Dell Inspiron 3530,laptop,Dell,49990,16,512,Intel Core i5-1334U,Intel Iris Xe Graphics,6.5,1.65,4.1,Dual Slot Upgradable,MS Office Home & Student 2021,15.6 FHD 120Hz Anti-Glare,Reliance Digital,https://www.reliancedigital.in/search?q=Dell+Inspiron+3530+Dell,"Smooth 120Hz everyday Dell laptop with 16GB dual-channel memory, comfortable keyboard, and trusted Dell ProSupport warranty across India.",Dual slot upgradable RAM;Smooth 120Hz screen;Trusted Dell service network,Basic plastic palmrest;Webcam is 720p,1,2026-09-13
lap_samsung_galaxy_book4_i5,Samsung Galaxy Book 4,laptop,Samsung,64990,16,512,Intel Core i5-1335U,Intel Iris Xe Graphics,10.0,1.55,4.3,1 Slot Free (Up to 32GB),None,15.6 FHD Anti-Glare IPS 300 nits,Amazon India,https://www.amazon.in/s?k=Samsung+Galaxy+Book+4+Samsung,"Sleek premium slim metal notebook with deep Samsung Galaxy ecosystem integration, 10-hour battery life, dual SSD expansion slots, and open RAM slot.",Expandable RAM and dual SSD slots;Slim metal finish;Type-C 65W charging;Seamless phone link for Samsung users,No bundled MS Office;Speakers are average,1,2026-09-13
lap_lenovo_loq_13450hx,Lenovo LOQ 15IRH8,laptop,Lenovo,67990,16,512,Intel Core i5-13450HX,NVIDIA GeForce RTX 3050 6GB GDDR6,5.5,2.40,4.5,Dual Slot Upgradable,MS Office Home & Student 2021,15.6 FHD 144Hz G-Sync 350 nits,Amazon India,https://www.amazon.in/s?k=Lenovo+LOQ+15IRH8+Lenovo,"The gold standard budget gaming and engineering laptop in India. Desktop-class 13450HX CPU, RTX 3050 6GB 95W TGP, MUX switch, and dual-slot RAM expandability.",High TDP RTX 3050 6GB;HX series desktop-class processor;Dual-slot upgradable RAM;Includes MS Office;Advanced cooling,Bulky power brick;Heavier at 2.4 kg;Battery life is ~4-5 hours,1,2026-09-13
lap_acer_nitro_v15_4050,Acer Nitro V 15 ANV15-51,laptop,Acer,73990,16,512,Intel Core i5-13420H,NVIDIA GeForce RTX 4050 6GB GDDR6,5.0,2.11,4.4,Dual Slot Upgradable,None,15.6 FHD 144Hz IPS Anti-Glare,Amazon India,https://www.amazon.in/s?k=Acer+Nitro+V+15+ANV15-51+Acer,"Affordable modern gaming laptop boasting NVIDIA RTX 4050 with DLSS 3 frame generation, Thunderbolt 4 port, and dual fan exhaust cooling.",RTX 4050 with DLSS 3 under 75k;Thunderbolt 4 support;Dual NVMe and RAM upgradability,No MS Office included;Display is 45% NTSC;Plastic top cover,1,2026-09-13
lap_asus_tuf_a15_4050,ASUS TUF Gaming A15 FA506NC,laptop,ASUS,72990,16,512,AMD Ryzen 7 7435HS,NVIDIA GeForce RTX 4050 6GB GDDR6,6.0,2.30,4.3,Dual Slot Upgradable,None,15.6 FHD 144Hz Adaptive-Sync,Flipkart,https://www.flipkart.com/search?q=ASUS+TUF+Gaming+A15+FA506NC+ASUS,"Military-grade MIL-STD-810H certified durable gaming chassis with 8-core Ryzen 7, RTX 4050 75W TGP, and customizable RGB keyboard.",Rugged military-grade durability;8-core Ryzen 7 CPU;Dual-slot RAM upgradable;Effective dust-expelling cooling,Ryzen 7435HS lacks integrated GPU causing lower unplugged battery life;No MS Office,1,2026-09-13
lap_hp_victus_15_4050,HP Victus 15-fa1313TX,laptop,HP,69990,16,512,Intel Core i5-13420H,NVIDIA GeForce RTX 4050 6GB GDDR6,5.5,2.29,4.2,Dual Slot Upgradable,MS Office Home & Student 2021,15.6 FHD 144Hz IPS Micro-Edge,Amazon India,https://www.amazon.in/s?k=HP+Victus+15-fa1313TX+HP,Understated aesthetic gaming laptop that looks professional in college lectures and office meetings while offering RTX 4050 graphics and MS Office.,Sleek non-aggressive design fits classrooms;RTX 4050;Includes lifetime MS Office;Upgradable RAM,Screen wobble on desk;75W GPU wattage is lower than Legion/LOQ,1,2026-09-13
lap_lenovo_loq_4060,Lenovo LOQ 15ARP9,laptop,Lenovo,82990,16,512,AMD Ryzen 7 7435HS,NVIDIA GeForce RTX 4060 8GB GDDR6,5.0,2.38,4.5,Dual Slot Upgradable,MS Office Home & Student 2021,15.6 FHD 144Hz 100% sRGB 300 nits,Croma,https://www.croma.com/searchB?q=Lenovo+LOQ+15ARP9+Lenovo,"High-power gaming and 3D animation laptop featuring 8GB VRAM RTX 4060 (105W TGP), 100% sRGB color accurate display, and MUX Switch.",RTX 4060 8GB VRAM under 85k;100% sRGB color calibrated screen;Dual-channel upgradable RAM;Includes MS Office,Battery life unplugged is ~3.5 hours;Heavy 170W charger,1,2026-09-13
lap_asus_vivobook_pro_15_oled,ASUS Vivobook Pro 15 OLED,laptop,ASUS,68990,16,512,AMD Ryzen 7 5800H,NVIDIA GeForce RTX 3050 4GB GDDR6,7.0,1.80,4.4,Soldered,MS Office Home & Student 2021,15.6 2.8K 120Hz OLED 600 nits 100% DCI-P3,Amazon India,https://www.amazon.in/s?k=ASUS+Vivobook+Pro+15+OLED+ASUS,"The ultimate budget creator notebook in India with cinema-grade 2.8K 120Hz 600-nit OLED display, discrete RTX 3050 GPU, and ASUS DialPad.",Best-in-class 600-nit OLED display;Studio-ready color accuracy;Dedicated RTX GPU;MS Office included,RAM is soldered at 16GB;Older Zen 3 Ryzen 5800H CPU,1,2026-09-13
lap_msi_thin_15_4050,MSI Thin 15 B13VE,laptop,MSI,63990,16,512,Intel Core i5-13420H,NVIDIA GeForce RTX 4050 6GB GDDR6,4.5,1.86,4.0,Dual Slot Upgradable,None,15.6 FHD 144Hz IPS-Level,Flipkart,https://www.flipkart.com/search?q=MSI+Thin+15+B13VE+MSI,"Portable gaming laptop weighing under 1.9kg with 13th Gen i5 and RTX 4050, ideal for college hostellers with limited desk space.",Lightweight for a gaming laptop at 1.86kg;Lowest price for RTX 4050;Dual upgradable slots,45W low TGP limits maximum gaming FPS;Average plastic build;MSI service centers limited,1,2026-09-13
lap_dell_g15_5530,Dell G15 5530,laptop,Dell,74990,16,1024,Intel Core i5-13450HX,NVIDIA GeForce RTX 3050 6GB GDDR6,5.0,2.65,4.3,Dual Slot Upgradable,MS Office Home & Student 2021,15.6 FHD 120Hz 250 nits,Reliance Digital,https://www.reliancedigital.in/search?q=Dell+G15+5530+Dell,"Heavy-duty thermal design inspired by Alienware with massive vapor chambers, 1TB high-speed SSD, and full 95W RTX 3050 performance.",Generous 1TB SSD included;Alienware-inspired robust cooling;Dual RAM upgradable;MS Office included,Very heavy at 2.65kg;Bulky retro chassis,1,2026-09-13
lap_apple_macbook_air_m2_16gb,Apple MacBook Air 13.6 M2 (16GB),laptop,Apple,99990,16,512,Apple M2 (8-core),Apple 10-core GPU,18.0,1.24,4.8,Soldered,None,13.6 Liquid Retina 500 nits True Tone,Amazon India,https://www.amazon.in/s?k=Apple+MacBook+Air+13.6+M2+%2816GB%29+Apple,"The ideal developer and executive Mac with 16GB unified memory, MagSafe 3 charging, 18-hour battery, 1080p FaceTime HD camera, and fanless silence.",18-hour battery endurance;16GB unified memory handles Docker & Xcode;MagSafe 3;Ultra-slim 1.24kg;Resale value,Soldered memory and SSD;Supports only 1 external display,1,2026-09-13
lap_apple_macbook_air_m2_base,Apple MacBook Air 13.6 M2 (8GB),laptop,Apple,84990,8,256,Apple M2 (8-core),Apple 8-core GPU,18.0,1.24,4.6,Soldered,None,13.6 Liquid Retina 500 nits True Tone,Croma,https://www.croma.com/searchB?q=Apple+MacBook+Air+13.6+M2+%288GB%29+Apple,"Sleek modern MacBook Air with redesigned slim chassis, MagSafe 3, Liquid Retina display, and industry-leading battery longevity.",Unmatched 18-hour battery;Whisper quiet zero-fan design;Stunning 500-nit display;MagSafe 3,8GB unified RAM limits heavy virtualization;256GB SSD has slower single-NAND speeds,1,2026-09-13
lap_asus_zenbook_14_oled_u7,ASUS Zenbook 14 OLED UX3405MA,laptop,ASUS,96990,16,1024,Intel Core Ultra 7 155H,Intel Arc Graphics,14.0,1.28,4.7,Soldered,MS Office Home & Student 2021,14.0 3K 120Hz OLED 400 nits 100% DCI-P3,Amazon India,https://www.amazon.in/s?k=ASUS+Zenbook+14+OLED+UX3405MA+ASUS,"Intel Evo certified AI PC featuring 16-core Core Ultra 7 with dedicated NPU, Intel Arc GPU with XeSS, huge 75Wh battery, and 3K 120Hz OLED screen.",Intel Arc graphics rival entry GPUs;14-hour real battery life;3K 120Hz OLED;Generous 1TB SSD;Includes MS Office,Soldered LPDDR5X RAM;Glossy screen in bright outdoor sunlight,1,2026-09-13
lap_lenovo_ideapad_pro_5_u7,Lenovo IdeaPad Pro 5 14,laptop,Lenovo,106990,32,1024,Intel Core Ultra 7 155H,Intel Arc Graphics,13.0,1.46,4.6,Soldered,MS Office Home & Student 2021,14.0 2.8K 120Hz OLED 400 nits,Lenovo Official,https://www.amazon.in/s?k=Lenovo+IdeaPad+Pro+5+14+Lenovo,"Extreme developer laptop with 32GB RAM out-of-the-box, 1TB SSD, dual full-function Type-C ports (Thunderbolt 4), and 84Wh battery.",32GB RAM included out-of-the-box;Massive 84Wh battery;Thunderbolt 4;All-metal MIL-SPEC durability;MS Office,Soldered RAM (though 32GB is plenty);Higher price,1,2026-09-13
lap_dell_inspiron_14_plus,Dell Inspiron 14 Plus 7440,laptop,Dell,104990,16,1024,Intel Core Ultra 7 155H,Intel Arc Graphics,11.0,1.60,4.4,1 Slot Free (Up to 32GB),MS Office Home & Student 2021,14.0 2.2K Anti-Glare IPS 300 nits,Dell India,https://www.amazon.in/s?k=Dell+Inspiron+14+Plus+7440+Dell,"Business-grade power in a compact chassis with 1TB SSD, rare upgradable memory slot on an Intel Ultra laptop, and Dell ProSupport warranty.",Upgradable RAM slot;1TB fast NVMe SSD;Anti-glare matte screen easy on eyes;Includes MS Office,Slightly heavier than ZenBook;Speakers are downward-firing,1,2026-09-13
lap_samsung_galaxy_book4_pro,Samsung Galaxy Book 4 Pro 360,laptop,Samsung,119990,16,512,Intel Core Ultra 7 155H,Intel Arc Graphics,15.0,1.23,4.6,Soldered,MS Office Home & Student 2021,14.0 Dynamic AMOLED 2X 120Hz 3K,Amazon India,https://www.amazon.in/s?k=Samsung+Galaxy+Book+4+Pro+360+Samsung,"Ultra-slim luxury laptop with world-class Dynamic AMOLED 2X touchscreen, anti-reflective glass coating, AKG quad speakers, and featherlight 1.23kg weight.",Dynamic AMOLED 2X anti-reflective screen;Featherlight 1.23kg;AKG quad speakers;Exceptional battery life,Touchscreen drains battery slightly faster at 120Hz;Soldered RAM,1,2026-09-13
lap_lenovo_thinkpad_e16_g2,Lenovo ThinkPad E16 Gen 2,laptop,Lenovo,84990,16,512,Intel Core Ultra 5 125U,Intel Graphics,10.0,1.81,4.5,Dual Slot Upgradable,None,16.0 WUXGA IPS Anti-Glare 300 nits,Lenovo Official,https://www.amazon.in/s?k=Lenovo+ThinkPad+E16+Gen+2+Lenovo,"Iconic corporate workhorse featuring legendary ThinkPad spill-resistant keyboard, TrackPoint, discrete TPM 2.0 security, and dual SO-DIMM RAM slots.",Legendary ThinkPad keyboard & TrackPoint;Dual-slot upgradable RAM & dual SSD slots;Mil-SPEC durability;Linux certified,No MS Office bundled;Screen is 45% NTSC standard color gamut,1,2026-09-13
lap_hp_envy_x360_14,HP Envy x360 14-fa0048AU,laptop,HP,89990,16,512,AMD Ryzen 7 8840HS,AMD Radeon 780M Graphics,12.0,1.39,4.5,Soldered,MS Office Home & Student 2021,14.0 2K OLED Touchscreen with Stylus,HP India,https://www.amazon.in/s?k=HP+Envy+x360+14-fa0048AU+HP,"Versatile 2-in-1 convertible laptop featuring Ryzen Hawk Point AI CPU, Radeon 780M graphics, rechargeable MPP2.0 tilt pen stylus, and 360 hinge.",2-in-1 convertible with bundled pen stylus;Radeon 780M handles 1080p gaming;OLED touchscreen;MS Office included,Soldered RAM;Glossy screen collects fingerprints,1,2026-09-13
lap_hp_victus_16_4060,HP Victus 16-s0095AX,laptop,HP,86990,16,1024,AMD Ryzen 7 7840HS,NVIDIA GeForce RTX 4060 8GB GDDR6,6.0,2.30,4.4,Dual Slot Upgradable,MS Office Home & Student 2021,16.1 FHD 144Hz IPS 300 nits 100% sRGB,Amazon India,https://www.amazon.in/s?k=HP+Victus+16-s0095AX+HP,"High-tier 16-inch gaming notebook with Ryzen 7 7840HS, full 120W RTX 4060 8GB GPU, 1TB NVMe SSD, and 100% sRGB display.",RTX 4060 8GB VRAM with 1TB SSD;100% sRGB screen;Upgradable RAM & storage;MS Office included,Slight screen wobble;Aggressive fan noise in Performance mode,1,2026-09-13
lap_acer_predator_helios_neo16,Acer Predator Helios Neo 16,laptop,Acer,114990,16,1024,Intel Core i7-14700HX,NVIDIA GeForce RTX 4060 8GB GDDR6,5.0,2.60,4.6,Dual Slot Upgradable,None,16.0 WQXGA 165Hz 100% sRGB 500 nits,Flipkart,https://www.flipkart.com/search?q=Acer+Predator+Helios+Neo+16+Acer,"Esports tournament laptop with 20-core i7-14700HX, 140W max TGP RTX 4060, liquid metal thermal grease, and ultra-bright 500-nit WQXGA screen.",Massive 140W max TGP gaming performance;20-core i7 processor;500-nit 165Hz screen;Liquid metal cooling,Heavy at 2.6kg;Loud fans on Turbo;No bundled MS Office,1,2026-09-13
lap_apple_macbook_pro_14_m3pro,Apple MacBook Pro 14 M3 Pro,laptop,Apple,189990,18,512,Apple M3 Pro (11-core),Apple 14-core GPU,17.0,1.61,4.9,Soldered,None,14.2 Liquid Retina XDR 120Hz ProMotion 1000 nits,Amazon India,https://www.amazon.in/s?k=Apple+MacBook+Pro+14+M3+Pro+Apple,"The definitive workstation for mobile software architects, 4K video colorists, and music producers. Liquid Retina XDR screen, HDMI, and SD card slot.",Best-in-class Liquid Retina XDR 1000-nit screen;18GB unified memory;Full-size SD card slot and HDMI;Unbeatable efficiency,High initial price in India;Soldered configuration cannot be upgraded,1,2026-09-13
lap_apple_macbook_air_15_m3,Apple MacBook Air 15 M3,laptop,Apple,129990,16,512,Apple M3 (8-core),Apple 10-core GPU,18.0,1.51,4.7,Soldered,None,15.3 Liquid Retina 500 nits True Tone,Reliance Digital,https://www.reliancedigital.in/search?q=Apple+MacBook+Air+15+M3+Apple,"Spacious 15.3-inch thin and light Mac with 16GB memory, 6-speaker sound system with force-cancelling woofers, and all-day 18-hour battery life.",Spacious 15.3-inch Retina display;Superb 6-speaker spatial audio;18-hour battery;16GB RAM,Only 2 Thunderbolt ports;Supports up to 2 external displays with lid closed,1,2026-09-13
lap_asus_rog_zephyrus_g14_oled,ASUS ROG Zephyrus G14 OLED (2024),laptop,ASUS,149990,16,1024,AMD Ryzen 9 8945HS,NVIDIA GeForce RTX 4060 8GB GDDR6,10.0,1.50,4.8,Soldered,MS Office Home & Student 2021,14.0 3K 120Hz ROG Nebula OLED 500 nits,Amazon India,https://www.amazon.in/s?k=ASUS+ROG+Zephyrus+G14+OLED+%282024%29+ASUS,"Precision CNC aluminum stealth gaming laptop weighing just 1.5kg with Ryzen 9 AI, RTX 4060, ROG Nebula OLED display, and Slash Lighting.",CNC unibody chassis under 1.5kg;Breathtaking 3K 120Hz OLED;10-hour battery life for a gaming laptop;MS Office included,Soldered LPDDR5X RAM;Can get warm under prolonged gaming,1,2026-09-13
lap_lenovo_legion_pro_5i_4070,Lenovo Legion Pro 5i 16,laptop,Lenovo,174990,32,1024,Intel Core i7-14700HX,NVIDIA GeForce RTX 4070 8GB GDDR6,5.5,2.50,4.7,Dual Slot Upgradable,MS Office Home & Student 2021,16.0 WQXGA 240Hz 500 nits 100% sRGB,Lenovo Official,https://www.amazon.in/s?k=Lenovo+Legion+Pro+5i+16+Lenovo,"Elite competitive gaming and AI development rig featuring 140W RTX 4070, 32GB high-speed DDR5 RAM, 240Hz esports display, and Legion ColdFront 5.0.",Full 140W RTX 4070;32GB RAM included;240Hz 500-nit screen;Dual-slot upgradable;Includes MS Office,Heavier chassis at 2.5kg;Bulky 300W power adapter,1,2026-09-13
lap_dell_xps_13_9340,Dell XPS 13 9340,laptop,Dell,139990,16,512,Intel Core Ultra 7 155H,Intel Arc Graphics,13.0,1.19,4.3,Soldered,MS Office Home & Student 2021,13.4 FHD+ InfinityEdge 500 nits 120Hz,Dell India,https://www.amazon.in/s?k=Dell+XPS+13+9340+Dell,"Futuristic minimalist luxury ultrabook featuring seamless glass haptic touchpad, zero-lattice capacitive function row, and CNC machined aluminum body.",Ultra-compact featherweight at 1.19kg;Invisible haptic glass touchpad;Brilliant 500-nit screen;MS Office included,Only 2 Type-C ports with no headphone jack;Capacitive touch function keys take getting used to,1,2026-09-13
lap_asus_rog_strix_g16_4070,ASUS ROG Strix G16 G614JIR,laptop,ASUS,164990,16,1024,Intel Core i9-14900HX,NVIDIA GeForce RTX 4070 8GB GDDR6,5.0,2.50,4.6,Dual Slot Upgradable,None,16.0 QHD+ 240Hz ROG Nebula Display 500 nits,Flipkart,https://www.flipkart.com/search?q=ASUS+ROG+Strix+G16+G614JIR+ASUS,"Raw computing monster with 24-core i9-14900HX, RTX 4070, Conductonaut Extreme liquid metal on both CPU & GPU, and wrap-around RGB light bar.",Top-tier 24-core i9-14900HX CPU;240Hz QHD+ ROG Nebula display;Dual-slot upgradable;Tri-fan cooling,Chassis has gamer aesthetic that stands out;No MS Office,1,2026-09-13
lap_hp_omen_16_4070,HP Omen 16-wf1026TX,laptop,HP,144990,16,1024,Intel Core i7-14700HX,NVIDIA GeForce RTX 4070 8GB GDDR6,5.5,2.39,4.5,Dual Slot Upgradable,MS Office Home & Student 2021,16.1 QHD 240Hz IPS 300 nits,Amazon India,https://www.amazon.in/s?k=HP+Omen+16-wf1026TX+HP,"Refined enthusiast gaming laptop with 140W RTX 4070, Omen Tempest cooling, Bang & Olufsen tuned speakers, and subtle black chassis.",Subtle premium aesthetics;140W RTX 4070 graphics;240Hz QHD display;MS Office included;Upgradable RAM,Fans get loud under maximum gaming profile;Battery life is ~4 hours,1,2026-09-13
lap_lenovo_yoga_slim7x_copilot,Lenovo Yoga Slim 7x Copilot+,laptop,Lenovo,137990,16,1024,Snapdragon X Elite X1E-78-100,Qualcomm Adreno GPU,19.0,1.28,4.6,Soldered,MS Office Home & Student 2021,14.5 3K 90Hz PureSight OLED 1000 nits,Croma,https://www.croma.com/searchB?q=Lenovo+Yoga+Slim+7x+Copilot%2B+Lenovo,"Next-generation ARM Windows AI PC with Snapdragon X Elite 45 TOPS NPU, insane 19-hour real-world battery endurance, and 1000-nit 3K PureSight OLED screen.",Industry-leading 19-hour battery life;1000-nit peak brightness 3K OLED;Featherweight 1.28kg;Silent and cool,ARM architecture has compatibility limits with older legacy x86 drivers and anti-cheat games,1,2026-09-13
phone_apple_iphone16_pro,Apple iPhone 16 Pro (128GB),smartphone,Apple,119900,8,128,Apple A18 Pro Bionic,Apple 6-Core GPU (Hardware Ray Tracing),27.0,0.199,4.8,Fixed LPDDR5X,iOS 18 with Apple Intelligence,6.3 Super Retina XDR OLED 120Hz ProMotion,Amazon India,https://www.amazon.in/s?k=Apple+iPhone+16+Pro+128GB,"Flagship titanium smartphone with Apple A18 Pro 3nm chip, Camera Control physical key, 48MP Fusion camera with 5x telephoto, and studio-grade 4-mic array.",Unmatched A18 Pro CPU/GPU speed;5x tetraprism telephoto;Grade 5 Titanium finish;All-day 27h battery life,Base model starts at 128GB storage;Fast charging maxes out around 30W,1,2026-09-15
phone_apple_iphone15,Apple iPhone 15 (128GB),smartphone,Apple,69990,6,128,Apple A16 Bionic,Apple 5-Core GPU,20.0,0.171,4.6,Fixed LPDDR5,iOS 17 upgradable to iOS 18,6.1 Super Retina XDR OLED Dynamic Island 60Hz,Amazon India,https://www.amazon.in/s?k=Apple+iPhone+15+128GB,"High-value Apple smartphone featuring Dynamic Island, 48MP main camera with 2x lossless crop, USB-C connector, and color-infused back glass.",Dynamic Island integration;Great 48MP main camera with portrait mode;Universal USB-C port;Compact & lightweight,Display refresh rate locked at 60Hz;Lacks dedicated telephoto lens,1,2026-09-15
phone_samsung_s24_ultra,Samsung Galaxy S24 Ultra (256GB),smartphone,Samsung,129999,12,256,Snapdragon 8 Gen 3 for Galaxy,Qualcomm Adreno 750 (Ray Tracing),29.0,0.232,4.8,Fixed LPDDR5X (RAM Plus up to 8GB),One UI 6.1 with Galaxy AI (7 Years Updates),6.8 Dynamic AMOLED 2X 120Hz Gorilla Armor Anti-Reflective,Amazon India,https://www.amazon.in/s?k=Samsung+Galaxy+S24+Ultra+256GB,"Ultimate Android flagship with titanium frame, integrated S-Pen, revolutionary Gorilla Armor anti-reflective glass, 200MP quad camera, and Galaxy AI suite.",Best-in-class anti-reflective AMOLED display;Integrated S-Pen;200MP quad camera with 5x optical zoom;7 years of OS & security updates,Heavier chassis at 232g;Sharp boxy corners might need a case,1,2026-09-15
phone_samsung_s24,Samsung Galaxy S24 5G (128GB),smartphone,Samsung,74999,8,128,Samsung Exynos 2400 Deca-Core,Samsung Xclipse 940 (AMD RDNA3),21.0,0.167,4.5,Fixed LPDDR5X,One UI 6.1 with Galaxy AI (7 Years Updates),6.2 Dynamic AMOLED 2X LTPO 1-120Hz 2600 nits,Flipkart,https://www.flipkart.com/search?q=Samsung+Galaxy+S24+5G+128GB,"Compact premium flagship with 6.2-inch ultra-bright 2600-nit LTPO screen, 50MP triple camera with 3x telephoto, and complete Galaxy AI features.",One of the best compact Android phones;2600-nit LTPO variable display;7 years update commitment;Galaxy AI features,Exynos chipset in Indian retail model;Base variant has 128GB UFS 3.1 storage,1,2026-09-15
phone_samsung_a55,Samsung Galaxy A55 5G (128GB),smartphone,Samsung,39999,8,128,Samsung Exynos 1480 Octa-Core,Samsung Xclipse 530 (AMD RDNA2),24.0,0.213,4.4,MicroSD Up to 1TB,One UI 6.1 (4 OS Updates + Knox Vault),6.6 Super AMOLED 120Hz Vision Booster 1000 nits,Amazon India,https://www.amazon.in/s?k=Samsung+Galaxy+A55+5G,"Premium mid-ranger featuring metal sides, Gorilla Glass Victus+ back, Knox Vault security hardware, 50MP OIS camera, and IP67 water/dust resistance.",Premium metal and glass build;IP67 water resistance;MicroSD card expansion slot;Excellent battery longevity,Charger not included in box;Thicker display bezels than competitors,1,2026-09-15
phone_oneplus_12,OnePlus 12 (512GB),smartphone,OnePlus,64999,16,512,Snapdragon 8 Gen 3,Qualcomm Adreno 750,28.0,0.22,4.7,Fixed LPDDR5X (16GB Base),OxygenOS 14 (4 Android OS Updates),6.82 2K ProXDR LTPO AMOLED 120Hz 4500 nits,Amazon India,https://www.amazon.in/s?k=OnePlus+12+16GB+512GB,"High-octane flagship killer powered by Snapdragon 8 Gen 3, 4th Gen Hasselblad Camera system with 64MP periscope zoom, and blistering 100W wired / 50W wireless charging.",Monster performance with 16GB RAM & 512GB ROM;Superb 64MP 3x periscope camera;100W charger included in box;Huge 5400mAh battery,Curved screen edges not preferred by all;IP65 rating instead of full IP68,1,2026-09-15
phone_oneplus_12r,OnePlus 12R (256GB),smartphone,OnePlus,42999,16,256,Snapdragon 8 Gen 2,Qualcomm Adreno 740,29.0,0.207,4.6,Fixed LPDDR5X,OxygenOS 14 (3 Android OS Updates),6.78 1.5K Oriental AMOLED LTPO4 120Hz 4500 nits,Amazon India,https://www.amazon.in/s?k=OnePlus+12R+16GB+256GB,"Performance-first performance beast featuring Snapdragon 8 Gen 2, class-leading 5500mAh dual-cell battery, 100W fast charging, and fluid 1.5K LTPO4 screen.",Incredible battery stamina (5500mAh);Snapdragon 8 Gen 2 gaming prowess;100W SUPERVOOC charging;16GB RAM for under 45k,Secondary 8MP ultra-wide and 2MP macro cameras are basic;No wireless charging,1,2026-09-15
phone_oneplus_nord_4,OnePlus Nord 4 5G (256GB),smartphone,OnePlus,32999,12,256,Snapdragon 7+ Gen 3,Qualcomm Adreno 732,26.0,0.199,4.5,Fixed LPDDR5X,OxygenOS 14 (4 Years OS + 6 Years Security),6.74 1.5K AMOLED 120Hz Ultra HDR 2150 nits,Amazon India,https://www.amazon.in/s?k=OnePlus+Nord+4+5G,"The only modern 5G smartphone with a full metallic unibody design. Packed with Snapdragon 7+ Gen 3, 5500mAh battery, and 100W charging.",Distinctive all-metal unibody craftsmanship;Near-flagship Snapdragon 7+ Gen 3 speed;Class-leading 6-year software support;100W fast charging,Metal body gets warm under continuous benchmark gaming;No telephoto camera,1,2026-09-15
phone_google_pixel9_pro,Google Pixel 9 Pro (256GB),smartphone,Google,109999,16,256,Google Tensor G4 (Titan M2 Security),ARM Mali-G715 Immortalis,25.0,0.199,4.7,Fixed LPDDR5X (16GB RAM Standard),Stock Android 14 (7 Years OS + Feature Drops),6.3 Super Actua LTPO OLED 1-120Hz 3000 nits,Flipkart,https://www.flipkart.com/search?q=Google+Pixel+9+Pro+256GB,"Pro computational photography phone with Google Tensor G4, Gemini Live AI on-device, triple camera system with 5x telephoto, and 7 years of Pixel Feature Drops.",Best-in-class camera color science and HDR;Super Actua 3000-nit compact display;7 years of guaranteed updates;16GB RAM for local AI models,Gaming frame rates lag behind Snapdragon 8 Gen 3;Charging speed capped at 27W,1,2026-09-15
phone_google_pixel8a,Google Pixel 8a (128GB),smartphone,Google,49999,8,128,Google Tensor G3,ARM Mali-G715,21.0,0.188,4.4,Fixed LPDDR5X,Stock Android 14 (7 Years OS & Security),6.1 Actua OLED 120Hz 2000 nits,Flipkart,https://www.flipkart.com/search?q=Google+Pixel+8a+128GB,"Clean AI-first smartphone offering Google's signature photo processing, Magic Editor, Best Take, IP67 build, and 7 years of guaranteed OS upgrades.",Flagship-tier photography in the mid-range;7 full years of Android updates;IP67 water resistance;Clean Google UI without bloatware,Thick bezels around screen;Tensor G3 warms up in heavy gaming;18W slow charging,1,2026-09-15
phone_xiaomi_14,Xiaomi 14 (512GB),smartphone,Xiaomi,69999,12,512,Snapdragon 8 Gen 3,Qualcomm Adreno 750,23.0,0.193,4.6,Fixed LPDDR5X,Xiaomi HyperOS (4 OS Updates),6.36 1.5K LTPO AMOLED 120Hz 3000 nits Dolby Vision,Amazon India,https://www.amazon.in/s?k=Xiaomi+14+5G+512GB,"Compact camera beast with Leica Summilux optical lenses, Light Fusion 900 custom sensor, 90W wired / 50W wireless charging, and IP68 water resistance.",Outstanding Leica photography system;Compact ergonomic 6.36-inch form factor;90W wired + 50W wireless charging in box;Full IP68 waterproof,HyperOS has occasional notification quirks;Small camera bump condensation issue reported in early cold-weather batches,1,2026-09-15
phone_iqoo_12,iQOO 12 5G (512GB),smartphone,iQOO,52999,16,512,Snapdragon 8 Gen 3 + Supercomputing Chip Q1,Qualcomm Adreno 750,25.0,0.203,4.6,Fixed LPDDR5X,Funtouch OS 14 (3 OS Updates),6.78 1.5K LTPO AMOLED 144Hz 3000 nits,Amazon India,https://www.amazon.in/s?k=iQOO+12+5G+16GB+512GB,"Top-tier gaming smartphone with dedicated Q1 supercomputing chip for 144FPS game interpolation, 64MP periscope telephoto lens, and 120W FlashCharge.",Unrivaled price-to-performance with SD 8 Gen 3;64MP 3x periscope zoom is genuinely excellent;144Hz high-refresh display;120W ultra-fast charging,Funtouch OS interface has pre-installed bloatware;IP64 rating instead of IP68,1,2026-09-15
phone_nothing_phone2a,Nothing Phone (2a) (256GB),smartphone,Nothing,23999,8,256,MediaTek Dimensity 7200 Pro,ARM Mali-G610 MC4,24.0,0.19,4.5,Fixed LPDDR4X,Nothing OS 2.5 (3 OS Updates),6.7 Flexible AMOLED 120Hz 1300 nits Symmetrical Bezels,Flipkart,https://www.flipkart.com/search?q=Nothing+Phone+2a+256GB,"Iconic transparent design smartphone with customizable Glyph Interface lights, clean stock-like Nothing OS, symmetrical display borders, and 50MP dual cameras.",Striking transparent industrial design;Clean Nothing OS with zero bloat;Uniform slim bezels all around;Terrific battery life,Plastic back scratches easily without case;No charger or case included in box,1,2026-09-15
phone_vivo_x100,Vivo X100 (256GB),smartphone,Vivo,63999,12,256,MediaTek Dimensity 9300 (All Big-Core),ARM Immortalis-G720 MC12,26.0,0.206,4.7,Fixed LPDDR5T,Funtouch OS 14 (3 OS Updates),6.78 1.5K Curved LTPO AMOLED 120Hz 3000 nits,Flipkart,https://www.flipkart.com/search?q=Vivo+X100+5G,"Pro portrait and low-light camera flagship with ZEISS optics, customized Sony IMX920 sensor, 64MP telephoto macro, and 120W wired charging.",Sensational ZEISS portrait rendering;Dimensity 9300 all-big-core computing speed;IP68 waterproof;Fast 120W charging,Aggressive curved screen prone to accidental palm touches;Some pre-installed apps,1,2026-09-15
phone_realme_gt6,Realme GT 6 (512GB),smartphone,Realme,40999,16,512,Snapdragon 8s Gen 3,Qualcomm Adreno 735,27.0,0.199,4.5,Fixed LPDDR5X,Realme UI 5.0 (3 OS Updates),6.78 1.5K 8T LTPO AMOLED 120Hz 6000 nits Record Peak,Amazon India,https://www.amazon.in/s?k=Realme+GT+6+512GB,"Flagship specs for mid-range money. Boasts record-setting 6000 nits peak brightness 8T LTPO display, Sony LYT-808 50MP OIS sensor, 5500mAh battery, and 120W charging.",Industry-brightest 6000-nit outdoor screen;Snapdragon 8s Gen 3 performance;16GB RAM + 512GB storage;120W charger in box,Glossy mirror finish attracts fingerprints;AI features feel gimmicky,1,2026-09-15
phone_moto_edge50_pro,Motorola Edge 50 Pro 5G (256GB),smartphone,Motorola,31999,12,256,Snapdragon 7 Gen 3,Qualcomm Adreno 720,22.0,0.186,4.4,Fixed LPDDR4X,Hello UI based on Android 14 (3 OS Updates),6.7 1.5K True Color pOLED 144Hz Pantone Validated,Flipkart,https://www.flipkart.com/search?q=Motorola+Edge+50+Pro+5G,"Design masterpiece featuring vegan leather back, Pantone-validated 144Hz pOLED display, 50MP selfie with AF, IP68 water resistance, and 125W TurboPower.",Sensory vegan leather texture;Pantone validated display and camera;IP68 waterproof;125W wired + 50W wireless charging,Smaller 4500mAh battery capacity;Camera shutter has slight processing lag,1,2026-09-15
phone_poco_f6,POCO F6 5G (512GB),smartphone,POCO,29999,12,512,Snapdragon 8s Gen 3,Qualcomm Adreno 735,24.0,0.179,4.4,Fixed LPDDR5X,Xiaomi HyperOS for POCO,6.67 1.5K AMOLED 120Hz Dolby Vision 2400 nits,Flipkart,https://www.flipkart.com/search?q=POCO+F6+5G+512GB,"Budget flagship gaming monster packing Snapdragon 8s Gen 3, WildBoost 3.0 optimization, 90W fast charging, and 512GB UFS 4.0 storage under 30k.",Unbeatable Snapdragon 8s Gen 3 under 30k;512GB UFS 4.0 storage;Lightweight at 179g;Flat AMOLED screen ideal for gaming,All-plastic body;Secondary 8MP ultra-wide camera is mediocre,1,2026-09-15
phone_redmi_note13_pro_plus,Redmi Note 13 Pro+ 5G (512GB),smartphone,Xiaomi,30999,12,512,MediaTek Dimensity 7200-Ultra,ARM Mali-G610 MC4,23.0,0.204,4.3,Fixed LPDDR5,MIUI 14 upgradable to HyperOS,6.67 1.5K Curved AMOLED 120Hz 1800 nits,Amazon India,https://www.amazon.in/s?k=Redmi+Note+13+Pro+Plus+5G,"Upper mid-range phone equipped with 200MP Samsung ISOCELL HP3 camera, IP68 water protection, curved 1.5K screen, and 120W HyperCharge.",200MP camera produces sharp 4x in-sensor crops;120W charging full charge in 19 mins;IP68 water and dust resistance,Battery life under heavy gaming is average;Came with Android 13 out of box,1,2026-09-15
tab_apple_ipad_air_m2,"Apple iPad Air 11-inch (M2, 128GB)",tablet,Apple,59900,8,128,Apple M2 8-Core,Apple 10-Core GPU,10.0,0.462,4.8,Fixed Unified Memory,iPadOS 17 upgradable to iPadOS 18,11.0 Liquid Retina IPS True Tone P3 500 nits,Amazon India,https://www.amazon.in/s?k=Apple+iPad+Air+M2+11+inch,"Pro-grade tablet for digital illustrators, students, and video editors with desktop-class Apple M2 processor, Apple Pencil Pro support, and landscape front camera.","Blazing fast M2 chip runs desktop apps (Final Cut Pro, Logic Pro);Apple Pencil Pro barrel roll and squeeze support;Exceptional build quality",60Hz display refresh rate;Accessories (Pencil & Magic Keyboard) sold separately at high prices,1,2026-09-15
tab_apple_ipad_10th_gen,"Apple iPad 10.9-inch (10th Gen, 64GB)",tablet,Apple,34900,4,64,Apple A14 Bionic,Apple 4-Core GPU,10.0,0.477,4.6,Fixed,iPadOS 17 with Stage Manager,10.9 Liquid Retina IPS sRGB True Tone,Amazon India,https://www.amazon.in/s?k=Apple+iPad+10th+Gen+64GB,"All-screen budget iPad with modern squared-off design, landscape stereo speakers, Center Stage camera, and USB-C connectivity for school and streaming.",Modern thin-bezel design;USB-C port;Center Stage ultra-wide front camera;Great speaker quality,Non-laminated display has slight air gap;Base 64GB storage cannot be expanded,1,2026-09-15
tab_samsung_tab_s9,Samsung Galaxy Tab S9 (128GB),tablet,Samsung,72999,8,128,Snapdragon 8 Gen 2 for Galaxy,Qualcomm Adreno 740,12.0,0.498,4.7,MicroSD Up to 1TB,Samsung DeX + One UI with Galaxy AI,11.0 Dynamic AMOLED 2X 120Hz HDR10+ IP68,Amazon India,https://www.amazon.in/s?k=Samsung+Galaxy+Tab+S9+128GB,"Android flagship tablet with gorgeous Dynamic AMOLED 2X screen, IP68 water resistance on both tablet and included S-Pen, and desktop-style Samsung DeX mode.",Breathtaking 120Hz AMOLED panel;S-Pen stylus included in box;Full IP68 waterproof rating;Samsung DeX creates PC-like multi-window multitasking,Android tablet app ecosystem still lags iPadOS in professional design tools,1,2026-09-15
tab_oneplus_pad_2,OnePlus Pad 2 (256GB),tablet,OnePlus,39999,12,256,Snapdragon 8 Gen 3,Qualcomm Adreno 750,13.0,0.584,4.6,Fixed LPDDR5X,OxygenOS 14 for Pad (Open Canvas Multitasking),12.1 3K 144Hz 7:5 ReadFit Display 900 nits,Amazon India,https://www.amazon.in/s?k=OnePlus+Pad+2+12GB+256GB,"Productivity tablet packing flagship Snapdragon 8 Gen 3, unique 7:5 book-aspect ratio display, Open Canvas 3-app split view, and 6-speaker surround sound.",Snapdragon 8 Gen 3 at unbeatable 40k price;Intuitive Open Canvas multi-tasking;7:5 aspect ratio is perfect for reading & documents;6-speaker audio setup,LCD display rather than OLED;No fingerprint sensor (face unlock only),1,2026-09-15
tab_xiaomi_pad_6,Xiaomi Pad 6 (256GB),tablet,Xiaomi,26999,8,256,Snapdragon 870 Octa-Core,Qualcomm Adreno 650,11.0,0.49,4.5,Fixed LPDDR5,Xiaomi HyperOS for Pad,11.0 2.8K 144Hz 10-Bit Dolby Vision 550 nits,Amazon India,https://www.amazon.in/s?k=Xiaomi+Pad+6+8GB+256GB,"Value king tablet with full metal unibody, smooth 144Hz 2.8K screen, quad speakers with Dolby Atmos, and USB 3.2 Gen 1 display output support.",Metal unibody feel under 30k;Sharp 2.8K 144Hz display;USB 3.2 port supports wired external monitor out,Snapdragon 870 is older architecture;No cellular SIM option (Wi-Fi only),1,2026-09-15
audio_sony_wh1000xm5,Sony WH-1000XM5 Wireless ANC Headphones,audio,Sony,29990,0,0,Sony HD QN1 + V1 Dual Noise Cancelling Processor,Dedicated 30mm Carbon Fiber Acoustic Driver,30.0,0.25,4.7,Non-applicable,"Sony Headphones Connect App (LDAC, Speak-to-Chat)","Over-Ear Memory Foam Cushions, 8-Mic Array",Amazon India,https://www.amazon.in/s?k=Sony+WH-1000XM5+Wireless+Headphones,"Benchmark noise-cancelling wireless headphones with dual QN1/V1 processors, 8 microphones for crystal voice calls, 30-hour battery life, and high-res LDAC playback.",Gold standard active noise cancellation;Featherlight 250g comfortable headband;Multipoint connection between phone and PC;30 hours battery with quick charge,Does not fold into compact hinge (comes with larger carrying case);No official water resistance rating,1,2026-09-15
audio_apple_airpods_pro_2,"Apple AirPods Pro (2nd Gen, USB-C)",audio,Apple,24900,0,0,Apple H2 Headphone Chip (U1/H2 Case),Custom High-Excursion Apple Driver & Amplifier,30.0,0.056,4.8,Non-applicable,iOS Spatial Audio with Dynamic Head Tracking,In-Ear Silicone Tips (XS/S/M/L) IP54 Dust/Sweat,Amazon India,https://www.amazon.in/s?k=Apple+AirPods+Pro+2nd+Generation+USB-C,"Premium true wireless earbuds with Apple H2 chip, 2x stronger Active Noise Cancellation, Adaptive Audio, Conversation Awareness, and USB-C MagSafe case.",Class-leading ANC and Transparency mode;Seamless device handoff across Apple ecosystem;Personalized Spatial Audio;Lanyard loop and speaker in case for Find My,Advanced features and firmware updates require an Apple device;Battery life is ~6h per bud charge,1,2026-09-15
audio_bose_qc_ultra,Bose QuietComfort Ultra Wireless Headphones,audio,Bose,35900,0,0,Bose CustomTune Acoustic DSP,High-Efficiency Bose Dynamic Acoustic Drivers,24.0,0.252,4.6,Non-applicable,Bose Music App with Bose Immersive Audio,Foldable Over-Ear Luxury Cushions,Amazon India,https://www.amazon.in/s?k=Bose+QuietComfort+Ultra+Headphones,"Luxury travel headphones combining legendary Bose acoustic silence with revolutionary Bose Immersive Audio, CustomTune personalized ear calibration, and folding hinges.",Supreme all-day headband ergonomics;Folds compactly for business travelers;CustomTune personalizes sound to ear shape;Bose Immersive Audio mode,"Premium price above ₹35,000;Immersive mode reduces battery life to ~18 hours",1,2026-09-15
audio_sennheiser_momentum_4,Sennheiser Momentum 4 Wireless,audio,Sennheiser,27990,0,0,Sennheiser Audiophile DSP,Audiophile-grade 42mm Transducer,60.0,0.293,4.6,Non-applicable,Sennheiser Smart Control App (Sound Personalization),"Over-Ear Acoustic Foam Cushions, aptX Adaptive",Amazon India,https://www.amazon.in/s?k=Sennheiser+Momentum+4+Wireless,"Audiophile wireless headphones engineered with 42mm drivers, rich dynamics, customizable sound personalization, and an astonishing 60-hour marathon battery life.",Unmatched 60-hour battery stamina;Audiophile-grade acoustic fidelity and bass depth;aptX Adaptive high-res codec support,ANC is slightly behind Sony XM5 in airplane cabin rumble;Touch controls are sensitive,1,2026-09-15
audio_sony_wf1000xm5,Sony WF-1000XM5 True Wireless Earbuds,audio,Sony,23990,0,0,Sony Integrated Processor V2 + QN2e Chip,Dynamic Driver X (8.4mm Liquid Crystal),24.0,0.048,4.5,Non-applicable,Sony Headphones Connect App (LDAC Hi-Res Wireless),Noise-Isolation Polyurethane Foam Tips IPX4,Amazon India,https://www.amazon.in/s?k=Sony+WF-1000XM5+TWS+Earbuds,"Flagship ANC earbuds featuring 25% smaller chassis than XM4, Dynamic Driver X for ultra-wide frequency response, bone conduction voice sensors, and LDAC audio.","Best noise cancellation on true wireless earbuds;LDAC codec delivers rich high-res wireless audio;Smaller, more comfortable fit;Multipoint Bluetooth",Polyurethane foam tips require proper insertion technique;Glossy sides are slippery,1,2026-09-15
audio_nothing_ear,Nothing Ear (2024),audio,Nothing,11999,0,0,Smart ANC Processor (Up to 45dB),11mm Custom Ceramic Dynamic Driver,40.5,0.052,4.5,Non-applicable,Nothing X App with Advanced 8-Band Parametric EQ,In-Ear Transparent Stem IP54 / IP55 Case,Flipkart,https://www.flipkart.com/search?q=Nothing+Ear+2024+Wireless+Earbuds,"Design-centric true wireless earbuds with ceramic diaphragm drivers, LHDC 5.0 and LDAC high-res audio support, ChatGPT voice pinch integration, and custom parametric EQ.",Unique transparent case and stems;Audiophile-grade ceramic drivers and parametric EQ;LDAC and LHDC support under 12k;ChatGPT integration,ANC performance dips in windy environments,1,2026-09-15
watch_apple_series9_45mm,Apple Watch Series 9 GPS (45mm),smartwatch,Apple,44900,0,64,Apple S9 SiP (64-bit Dual-Core),Apple 4-Core Neural Engine,18.0,0.038,4.8,Non-applicable,watchOS 10 upgradable to watchOS 11,1.9 Always-On Retina LTPO OLED 2000 nits,Amazon India,https://www.amazon.in/s?k=Apple+Watch+Series+9+45mm+GPS,"Premier smartwatch featuring Apple S9 SiP, magic Double Tap gesture control, on-device Siri, FDA-cleared ECG app, blood oxygen tracking, and 2000-nit screen.",Convenient Double Tap gesture control;Fluid watchOS app ecosystem;Accurate heart rate & ECG tracking;Bright 2000-nit outdoor screen,Requires iPhone to pair;18-hour battery requires daily charging,1,2026-09-15
watch_apple_ultra_2,Apple Watch Ultra 2 (49mm Titanium),smartwatch,Apple,89900,0,64,Apple S9 SiP Dual-Core,Apple 4-Core Neural Engine,36.0,0.061,4.9,Non-applicable,watchOS 10 with Oceanic+ Dive Computer,49mm Flat Sapphire Crystal OLED 3000 nits WR100,Amazon India,https://www.amazon.in/s?k=Apple+Watch+Ultra+2+GPS+Cellular,"Rugged expedition smartwatch crafted from aerospace-grade titanium with flat sapphire crystal, dual-frequency GPS, customizable Action button, and 100m water resistance.",Unbreakable titanium chassis with 100m water resistance;Record 3000-nit outdoor visibility;36 to 72 hours extended battery life;Precision L1+L5 GPS,Large 49mm case can overpower small wrists;Premium price tag,1,2026-09-15
watch_samsung_galaxy_watch6,Samsung Galaxy Watch 6 (44mm),smartwatch,Samsung,21999,2,16,Samsung Exynos W930 Dual-Core 1.4GHz,ARM Mali-G68,40.0,0.033,4.5,Non-applicable,Wear OS 4 Powered by Samsung One UI Watch 5,1.5 Super AMOLED Sapphire Crystal 2000 nits,Amazon India,https://www.amazon.in/s?k=Samsung+Galaxy+Watch+6+44mm+Bluetooth,"Versatile Android smartwatch featuring BioActive sensor for body composition (BIA) analysis, sleep coaching, blood pressure tracking, and seamless Google Play integration.",Slimmer bezels with larger screen;Comprehensive body composition and sleep monitoring;Google Wear OS with Play Store access;Fast wireless charging,Blood pressure and ECG features require Samsung Galaxy phone;Battery requires daily top-up with intensive use,1,2026-09-15
watch_oneplus_watch_2,OnePlus Watch 2 (Wear OS),smartwatch,OnePlus,24999,2,32,Snapdragon W5 Gen 1 + BES2700 Dual Engine,Qualcomm Adreno GPU for Wearables,100.0,0.049,4.6,Non-applicable,Google Wear OS 4 with OHealth Integration,1.43 AMOLED Sapphire Crystal 1000 nits 5ATM,Amazon India,https://www.amazon.in/s?k=OnePlus+Watch+2+Smartwatch,"Breakthrough Wear OS smartwatch solving battery life with innovative Dual-Engine Architecture, giving up to 100 hours of full smartwatch usage and stainless steel unibody.",Unheard of 100 hours battery life on Wear OS;Dual-chip hybrid OS architecture;Sapphire crystal and stainless steel durability;Full Google Maps and Wallet support,No rotating crown or bezel navigation;Only one large 46mm size available,1,2026-09-15
watch_garmin_forerunner_265,Garmin Forerunner 265 Running Smartwatch,smartwatch,Garmin,50490,0,8,Garmin Multi-Sport GPS Sensor Architecture,Low-Power Dedicated Display Controller,312.0,0.047,4.8,Non-applicable,Garmin Connect with Training Readiness & HRV Status,1.3 AMOLED Touchscreen Corning Gorilla Glass 4,Amazon India,https://www.amazon.in/s?k=Garmin+Forerunner+265+GPS+Smartwatch,"Dedicated running and triathlon GPS smartwatch with brilliant AMOLED touchscreen, morning report, training readiness metrics, and 13 days of battery life in smartwatch mode.","World-class running analytics (VO2 Max, HRV, Training Load);13-day marathon battery life;Precision multi-band SatIQ GPS tracking;Works equally well on iOS & Android",Sport-focused aesthetics rather than formal dress watch;Higher price point,1,2026-09-15
mon_lg_ultragear_27gr75q,LG UltraGear 27GR75Q (27-inch QHD 165Hz),monitor,LG,21499,0,0,165Hz Refresh Rate Engine (1ms GtG),NVIDIA G-Sync Compatible & AMD FreeSync Premium,0.0,6.1,4.6,Non-applicable,"LG OnScreen Control (Crosshair, Black Stabilizer)",27-inch QHD 2560x1440 IPS Anti-Glare 99% sRGB HDR10,Amazon India,https://www.amazon.in/s?k=LG+UltraGear+27GR75Q+QHD+165Hz,"Sweet-spot 1440p gaming monitor with IPS panel, 165Hz refresh rate, 1ms response time, NVIDIA G-Sync compatibility, and height/pivot/tilt ergonomic stand.","Sharp 2560x1440 QHD resolution;Fast 165Hz panel with low motion blur;Fully ergonomic stand (pivot, height, tilt);99% sRGB color accuracy",HDR10 brightness is basic (300 nits);No integrated speakers,1,2026-09-15
mon_dell_ultrasharp_u2724d,Dell UltraSharp U2724D (27-inch QHD 120Hz IPS Black),monitor,Dell,37999,0,0,120Hz Refresh Rate with Ambient Light Sensor,2000:1 Contrast IPS Black Technology,0.0,6.5,4.8,Non-applicable,Dell Display Manager (Auto KVM & Easy Arrange),27-inch QHD 2560x1440 IPS Black 98% DCI-P3 ComfortView Plus,Amazon India,https://www.amazon.in/s?k=Dell+UltraSharp+U2724D+27+inch+IPS+Black,"Professional creator monitor featuring revolutionary IPS Black technology for 2x deeper contrast (2000:1), smooth 120Hz refresh, built-in ambient light sensor, and 98% DCI-P3 coverage.",IPS Black delivers OLED-approaching deep black levels;Smooth 120Hz for fluid scrolling;Color-accurate 98% DCI-P3 delta E < 2;Integrated Auto KVM switch,Lacks 4K resolution at this price point;No USB-C 90W power delivery on base D model,1,2026-09-15
mon_samsung_odyssey_g7_28,Samsung Odyssey G7 28-inch (4K 144Hz IPS),monitor,Samsung,44999,0,0,144Hz 4K UHD Engine (1ms GtG),G-Sync Compatible + AMD FreeSync Premium Pro,0.0,7.0,4.6,Non-applicable,Samsung CoreSync & Core Lighting Design,28-inch 4K UHD 3840x2160 IPS DisplayHDR 400 HDMI 2.1,Amazon India,https://www.amazon.in/s?k=Samsung+Odyssey+G7+28+inch+4K+144Hz,"Next-gen 4K gaming and console monitor with dual HDMI 2.1 ports for PS5 / Xbox Series X 4K 120Hz, PC 144Hz gaming, and futuristic CoreSync rear RGB glow.",Crisp 4K UHD resolution combined with 144Hz;Dual HDMI 2.1 bandwidth for consoles;CoreSync ambient rear ring lighting;Fast 1ms GtG IPS panel,Heavy circular stand takes desk depth;HDR 400 lacks full-array local dimming,1,2026-09-15
mon_benq_pd2705u,BenQ PD2705U (27-inch 4K Designer Monitor),monitor,BenQ,46990,0,0,AQCOLOR Color Accuracy Engine (Delta E <= 3),Calman Verified & Pantone Validated IPS Panel,0.0,9.3,4.7,Non-applicable,BenQ Display Pilot with Hotkey Puck G2,27-inch 4K UHD 3840x2160 IPS 100% sRGB / Rec.709 65W Type-C,Amazon India,https://www.amazon.in/s?k=BenQ+PD2705U+27+inch+4K+UHD+Designer+Monitor,"Calman-verified 4K designer monitor designed for Mac and PC creative professionals with 65W USB-C single cable power delivery, KVM switch, and Hotkey Puck G2 dial.",Factory color calibrated with individual report;Single cable 65W USB-C charging for laptops;Physical Hotkey Puck G2 controller dial;M-Book mode matches MacBook screen colors,60Hz refresh rate not intended for competitive esports;Thicker chassis profile,1,2026-09-15
